{
  "timestamp": "2026-01-16T12:35:31.752Z",
  "metrics": {
    "reservation_create_p95": 23,
    "availability_check_p95": 18.199999999999996,
    "report_generate_p95": 39.24999999999999,
    "http_req_duration_p95": 23.7272,
    "reservation_success": 32
  }
}